{
    "accuracy": 0.96805,
    "auc": 0.9797556252009001
}